{
    "Autofill": [
        {
            "name_first": ["Ximena"],
            "address_home_country": "US",
            "address_home_sorting_code": "",
            "address_home_state": "GA",
            "address_home_dependent_locality": "",
            "address_home_city": "Duluth",
            "address_home_language_code": "",
            "name_full": ["Ximena DeLean"],
            "origin": "",
            "name_last": ["DeLean"],
            "is_client_validity_states_updated": false,
            "name_middle": [""],
            "use_count": 1,
            "email_address": [""],
            "validity_state_bitfield": 0,
            "company_name": "",
            "address_home_line1": "2726 Saxon Drive",
            "address_home_line2": "",
            "guid": "75cfabf1-21ae-4503-ba01-89d0801f125b",
            "address_home_zip": "30096",
            "address_home_street_address": "2726 Saxon Drive",
            "phone_home_whole_number": ["(678) 618-2634"],
            "use_date": 1573565511
},
        {
            "name_first": ["Sergio"],
            "address_home_country": "US",
            "address_home_sorting_code": "",
            "address_home_state": "CA",
            "address_home_dependent_locality": "",
            "address_home_city": "Berkeley",
            "address_home_language_code": "",
            "name_full": ["Sergio Lucero"],
            "origin": "",
            "name_last": ["Lucero"],
            "is_client_validity_states_updated": false,
            "name_middle": [""],
            "use_count": 87,
            "email_address": [""],
            "validity_state_bitfield": 0,
            "company_name": "",
            "address_home_line1": "c/o Alejandro Huneeus",
            "address_home_line2": "46 Rock Lane",
            "guid": "8ee9592a-acd1-484c-9a38-604f47fc564b",
            "address_home_zip": "94708",
            "address_home_street_address": "c/o Alejandro Huneeus\n46 Rock Lane",
            "phone_home_whole_number": ["(415) 650-8895"],
            "use_date": 1574189186
},
        {
            "name_first": ["Sergio"],
            "address_home_country": "CL",
            "address_home_sorting_code": "",
            "address_home_state": "",
            "address_home_dependent_locality": "",
            "address_home_city": "Santiago",
            "address_home_language_code": "",
            "name_full": ["Sergio Lucero"],
            "origin": "Chrome settings",
            "name_last": ["Lucero"],
            "is_client_validity_states_updated": false,
            "name_middle": [""],
            "use_count": 92,
            "email_address": ["sergiolucero@gmail.com"],
            "validity_state_bitfield": 0,
            "company_name": "Quant.cl",
            "address_home_line1": "Carlos Martel 5655 depto 122",
            "address_home_line2": "",
            "guid": "485d91d8-12d5-4626-85d8-b315936402dc",
            "address_home_zip": "",
            "address_home_street_address": "Carlos Martel 5655 depto 122",
            "phone_home_whole_number": ["+56957195466"],
            "use_date": 1581436873
}
    ]
}