{
    "Extensions": [
        {
            "incognito_enabled": false,
            "remote_install": false,
            "disable_reasons": 0,
            "installed_by_custodian": false,
            "update_url": "https://clients2.google.com/service/update2/crx",
            "name": "Task manager [about:memory]",
            "id": "mmbijkbkjlefoimjopcojbkpnmljahlh",
            "version": "2.0.0",
            "enabled": true
},
        {
            "incognito_enabled": false,
            "remote_install": false,
            "disable_reasons": 0,
            "installed_by_custodian": false,
            "update_url": "http://clients2.google.com/service/update2/crx",
            "name": "Meeting Scheduler for Gmail™",
            "id": "jpaigemdgcbgjbndcdmiknmdnocghljp",
            "version": "3.2",
            "enabled": true
},
        {
            "incognito_enabled": false,
            "remote_install": false,
            "disable_reasons": 0,
            "installed_by_custodian": false,
            "update_url": "https://clients2.google.com/service/update2/crx",
            "name": "Facebook for Chrome",
            "id": "gdalhedleemkkdjddjgfjmcnbpejpapp",
            "version": "7",
            "enabled": true
},
        {
            "incognito_enabled": false,
            "remote_install": false,
            "disable_reasons": 1,
            "installed_by_custodian": false,
            "update_url": "https://clients2.google.com/service/update2/crx",
            "name": "Mailto: for Gmail™",
            "id": "dgkkmcknielgdhebimdnfahpipajcpjn",
            "version": "2.6",
            "enabled": false
},
        {
            "incognito_enabled": false,
            "remote_install": false,
            "disable_reasons": 1,
            "installed_by_custodian": false,
            "update_url": "https://clients2.google.com/service/update2/crx",
            "name": "uTorrent for Google Chrome",
            "id": "jjhaafelbmbpohgmabippkndaaikgdih",
            "version": "4.0.3",
            "enabled": false
},
        {
            "incognito_enabled": false,
            "remote_install": false,
            "disable_reasons": 0,
            "installed_by_custodian": false,
            "update_url": "https://clients2.google.com/service/update2/crx",
            "name": "MuteTab (deprecated)",
            "id": "nmkbaaijgpppbokgnhhoakihofedkgcc",
            "version": "2.14",
            "enabled": true
},
        {
            "incognito_enabled": false,
            "remote_install": false,
            "disable_reasons": 1,
            "installed_by_custodian": false,
            "update_url": "https://clients2.google.com/service/update2/crx",
            "name": "Xmarks Bookmark Sync",
            "id": "ajpgkpeckebdhofmmjfgcjjiiejpodla",
            "version": "1.0.33",
            "enabled": false
},
        {
            "incognito_enabled": false,
            "remote_install": false,
            "disable_reasons": 0,
            "installed_by_custodian": false,
            "update_url": "https://clients2.google.com/service/update2/crx",
            "name": "Send from Gmail (by Google)",
            "id": "pgphcomnlaojlmmcjmiddhdapjpbgeoc",
            "version": "1.16",
            "enabled": true
},
        {
            "incognito_enabled": false,
            "remote_install": false,
            "disable_reasons": 0,
            "installed_by_custodian": false,
            "update_url": "https://clients2.google.com/service/update2/crx",
            "name": "Docs Online Viewer",
            "id": "gmpljdlgcdkljlppaekciacdmdlhfeon",
            "version": "8.1.3",
            "enabled": true
},
        {
            "incognito_enabled": false,
            "remote_install": false,
            "disable_reasons": 0,
            "installed_by_custodian": false,
            "update_url": "https://clients2.google.com/service/update2/crx",
            "name": "Google Calendar",
            "id": "gmbgaklkmjakoegficnlkhebmhkjfich",
            "version": "3.0.1",
            "enabled": true
},
        {
            "incognito_enabled": false,
            "remote_install": false,
            "disable_reasons": 0,
            "installed_by_custodian": false,
            "update_url": "https://clients2.google.com/service/update2/crx",
            "name": "Guardar en Google Drive",
            "id": "gmbmikajjgmnabiglmofipeabaddhgne",
            "version": "2.1.1",
            "enabled": true
},
        {
            "incognito_enabled": false,
            "remote_install": false,
            "disable_reasons": 0,
            "installed_by_custodian": false,
            "update_url": "https://clients2.google.com/service/update2/crx",
            "name": "TooManyTabs para Chrome",
            "id": "amigcgbheognjmfkaieeeadojiibgbdp",
            "version": "2.2",
            "enabled": true
},
        {
            "incognito_enabled": false,
            "remote_install": false,
            "disable_reasons": 0,
            "installed_by_custodian": false,
            "update_url": "https://clients2.google.com/service/update2/crx",
            "name": "System Monitor",
            "id": "ecmlflnkenbdjfocclindonmigndecla",
            "version": "1.5.1",
            "enabled": true
},
        {
            "incognito_enabled": false,
            "remote_install": false,
            "disable_reasons": 0,
            "installed_by_custodian": false,
            "update_url": "https://clients2.google.com/service/update2/crx",
            "name": "Extensión de Google Keep para Chrome",
            "id": "lpcaedmchfhocbbapmcbpinfpgnhiddi",
            "version": "3.1.20064.835",
            "enabled": true
}
    ],
    "Extension Settings": [
        {
            "extension_id": "cipmepknanmbbaneimacddfemfbfgpgo",
            "value": "{\"bgColorContent\":\"#F0F0F0\",\"enabled\":false,\"imgContent\":\"/images/content/providers/facebook-search-content.png\",\"imgContentSize\":{\"height\":24,\"width\":118},\"imgOptions\":\"/images/options/providers/facebook-search-options.png\",\"imgOptionsSize\":{\"height\":54,\"width\":152},\"name\":\"facebook\",\"type\":\"search\",\"url\":\"http://www.facebook.com/search/?q\u003d{0}\"}",
            "key": "SearchRepository_facebook"
},
        {
            "extension_id": "cipmepknanmbbaneimacddfemfbfgpgo",
            "value": "{\"bgColorContent\":\"#DCDCDC\",\"enabled\":true,\"imgContent\":\"/images/content/providers/web-search-content.png\",\"imgContentSize\":{\"height\":81,\"width\":91},\"imgOptions\":\"/images/options/providers/web-search-options.png\",\"imgOptionsSize\":{\"height\":54,\"width\":152},\"name\":\"web search\",\"type\":\"search\",\"url\":\"\"}",
            "key": "SearchRepository_web search"
},
        {
            "extension_id": "cipmepknanmbbaneimacddfemfbfgpgo",
            "value": "{\"bgColorContent\":\"#F0F0F0\",\"enabled\":true,\"imgContent\":\"/images/content/providers/video-search-content.png\",\"imgContentSize\":{\"height\":40,\"width\":111},\"imgOptions\":\"/images/options/providers/video-search-options.png\",\"imgOptionsSize\":{\"height\":54,\"width\":152},\"name\":\"video search\",\"type\":\"search\",\"url\":\"http://www.youtube.com/results?search_query\u003d{0}\"}",
            "key": "SearchRepository_video search"
},
        {
            "extension_id": "cipmepknanmbbaneimacddfemfbfgpgo",
            "value": "{\"featureEnabled\":true,\"index\":true,\"openInNewTab\":true,\"showDropHintBubbles\":false,\"showDropHints\":false}",
            "key": "SettingsRepository"
},
        {
            "extension_id": "cipmepknanmbbaneimacddfemfbfgpgo",
            "value": "{\"bgColorContent\":\"#DCDCDC\",\"enabled\":true,\"imgContent\":\"/images/content/providers/wikipedia-content.png\",\"imgContentSize\":{\"height\":86,\"width\":70},\"imgOptions\":\"/images/options/providers/wikipedia-options.png\",\"imgOptionsSize\":{\"height\":54,\"width\":152},\"name\":\"wikipedia\",\"type\":\"search\",\"url\":\"http://en.wikipedia.org/wiki/Special:Search?search\u003d{0}\"}",
            "key": "SearchRepository_wikipedia"
},
        {
            "extension_id": "cipmepknanmbbaneimacddfemfbfgpgo",
            "value": "[{\"bgColorContent\":\"#3C5A98\",\"enabled\":true,\"imgContent\":\"/images/content/providers/facebook-share-content.png\",\"imgContentSize\":{\"height\":25,\"width\":119},\"imgOptions\":\"/images/options/providers/facebook-share-options.png\",\"imgOptionsSize\":{\"height\":54,\"width\":152},\"name\":\"facebook\",\"type\":\"share\",\"url\":\"https://www.facebook.com/dialog/feed?app_id\u003d237226203046814\u0026link\u003d{0}\u0026redirect_uri\u003dhttp://www.torchbrowser.com/client/share/fb_ck.html?networkId\u003d1\u0026display\u003dpopup\"},{\"bgColorContent\":\"#E9F6FF\",\"enabled\":true,\"imgContent\":\"/images/content/providers/twitter-content.png\",\"imgContentSize\":{\"height\":23,\"width\":120},\"imgOptions\":\"/images/options/providers/twitter-options.png\",\"imgOptionsSize\":{\"height\":54,\"width\":152},\"name\":\"twitter\",\"type\":\"share\",\"url\":\"https://twitter.com/share?\u0026text\u003d{0}\"},{\"bgColorContent\":\"#EBEBEB\",\"enabled\":true,\"imgContent\":\"/images/content/providers/pinterest-content.png\",\"imgContentSize\":{\"height\":28,\"width\":112},\"imgOptions\":\"/images/options/providers/pinterest-options.png\",\"imgOptionsSize\":{\"height\":54,\"width\":152},\"name\":\"pinterest\",\"type\":\"share\",\"url\":\"http://pinterest.com/pin/create/bookmarklet/?media\u003d{0}\u0026url\u003d{1}\u0026is_video\u003dfalse\"},{\"bgColorContent\":\"#3A3A3A\",\"enabled\":true,\"imgContent\":\"/images/content/providers/google-plus-center-content.png\",\"imgContentSize\":{\"height\":56,\"width\":67},\"imgOptions\":\"/images/options/providers/google-plus-options.png\",\"imgOptionsSize\":{\"height\":54,\"width\":152},\"name\":\"google+\",\"type\":\"share\",\"url\":\"https://plus.google.com/share?url\u003d{0}\"},{\"bgColorContent\":\"#F8F8F8\",\"enabled\":true,\"imgContent\":\"/images/content/providers/linkedin-content.png\",\"imgContentSize\":{\"height\":31,\"width\":111},\"imgOptions\":\"/images/options/providers/linkedin-options.png\",\"imgOptionsSize\":{\"height\":54,\"width\":152},\"name\":\"linkedin\",\"type\":\"share\",\"url\":\"http://www.linkedin.com/shareArticle?mini\u003dtrue\u0026url\u003d{0}\"},{\"bgColorContent\":\"#EC4823\",\"enabled\":false,\"imgContent\":\"/images/content/providers/stumbleupon-content.png\",\"imgContentSize\":{\"height\":59,\"width\":78},\"imgOptions\":\"/images/options/providers/stumbleupon-options.png\",\"imgOptionsSize\":{\"height\":54,\"width\":152},\"name\":\"stumbleupon\",\"type\":\"share\",\"url\":\"https://www.stumbleupon.com/submit?url\u003d{0}\",\"wndArgs\":\"dialogWidth:810px; dialogHeight:400px;\"}]",
            "key": "ShareRepository"
},
        {
            "extension_id": "cipmepknanmbbaneimacddfemfbfgpgo",
            "value": "{\"bgColorContent\":\"#F0F0F0\",\"enabled\":true,\"imgContent\":\"/images/content/providers/google-translate-content.png\",\"imgContentSize\":{\"height\":82,\"width\":111},\"imgOptions\":\"/images/options/providers/google-translate-options.png\",\"imgOptionsSize\":{\"height\":54,\"width\":152},\"name\":\"google translate\",\"type\":\"search\",\"url\":\"http://www.google.com/translate_t?langpair\u003den\u0026text\u003d{0}\"}",
            "key": "SearchRepository_google translate"
},
        {
            "extension_id": "pdehmppfilefbolgganhfihpbmjlgebh",
            "value": "\"158fe1a4ff2e49cab777d8f706d24cf3\"",
            "key": "uuid"
},
        {
            "extension_id": "cipmepknanmbbaneimacddfemfbfgpgo",
            "value": "[\"web search\",\"video search\",\"google images\",\"google translate\",\"wikipedia\",\"facebook\"]",
            "key": "SearchRepository"
},
        {
            "extension_id": "cipmepknanmbbaneimacddfemfbfgpgo",
            "value": "{\"bgColorContent\":\"#DCDCDC\",\"enabled\":true,\"imgContent\":\"/images/content/providers/google-images-content.png\",\"imgContentSize\":{\"height\":88,\"width\":102},\"imgOptions\":\"/images/options/providers/google-images-options.png\",\"imgOptionsSize\":{\"height\":54,\"width\":152},\"name\":\"google images\",\"type\":\"search\",\"url\":\"https://www.google.com/search?tbm\u003disch\u0026q\u003d{0}\",\"url2\":\"http://images.google.com/searchbyimage?image_url\u003d{0}\"}",
            "key": "SearchRepository_google images"
},
        {
            "extension_id": "pkedcjkdefgpdelpbcmbmeomcjbeemfm",
            "value": "true",
            "key": "mr.cloud.cloudEnabled"
},
        {
            "extension_id": "pkedcjkdefgpdelpbcmbmeomcjbeemfm",
            "value": "true",
            "key": "mr.cloud.notifiedHangouts"
},
        {
            "extension_id": "gmpljdlgcdkljlppaekciacdmdlhfeon",
            "value": "\"{\\\"application\\\":{\\\"name\\\":\\\"Docs Online Viewer\\\",\\\"app_id\\\":\\\"docs-online-viewer@deekshith.in\\\",\\\"version\\\":\\\"v6.1.0\\\"},\\\"user_preferences\\\":{\\\"version\\\":\\\"0.1\\\",\\\"icon_beside_doc_links\\\":{\\\"enabled\\\":true,\\\"icon_path\\\":\\\"images/beside-link-icon.svg\\\",\\\"newtab_on_click\\\":false},\\\"file_types\\\":[{\\\"extension\\\":\\\"ai\\\",\\\"is_enabled\\\":true,\\\"preferred_service\\\":\\\"google_docs\\\"},{\\\"extension\\\":\\\"csv\\\",\\\"is_enabled\\\":true,\\\"preferred_service\\\":\\\"google_docs\\\"},{\\\"extension\\\":\\\"doc\\\",\\\"is_enabled\\\":true,\\\"preferred_service\\\":\\\"google_docs\\\"},{\\\"extension\\\":\\\"docx\\\",\\\"is_enabled\\\":true,\\\"preferred_service\\\":\\\"google_docs\\\"},{\\\"extension\\\":\\\"dxf\\\",\\\"is_enabled\\\":true,\\\"preferred_service\\\":\\\"google_docs\\\"},{\\\"extension\\\":\\\"eps\\\",\\\"is_enabled\\\":true,\\\"preferred_service\\\":\\\"google_docs\\\"},{\\\"extension\\\":\\\"odp\\\",\\\"is_enabled\\\":true,\\\"preferred_service\\\":\\\"google_docs\\\"},{\\\"extension\\\":\\\"ods\\\",\\\"is_enabled\\\":true,\\\"preferred_service\\\":\\\"google_docs\\\"},{\\\"extension\\\":\\\"odt\\\",\\\"is_enabled\\\":true,\\\"preferred_service\\\":\\\"google_docs\\\"},{\\\"extension\\\":\\\"pages\\\",\\\"is_enabled\\\":true,\\\"preferred_service\\\":\\\"google_docs\\\"},{\\\"extension\\\":\\\"pdf\\\",\\\"is_enabled\\\":true,\\\"preferred_service\\\":\\\"google_docs\\\"},{\\\"extension\\\":\\\"pps\\\",\\\"is_enabled\\\":true,\\\"preferred_service\\\":\\\"google_docs\\\"},{\\\"extension\\\":\\\"ppt\\\",\\\"is_enabled\\\":true,\\\"preferred_service\\\":\\\"google_docs\\\"},{\\\"extension\\\":\\\"pptx\\\",\\\"is_enabled\\\":true,\\\"preferred_service\\\":\\\"google_docs\\\"},{\\\"extension\\\":\\\"ps\\\",\\\"is_enabled\\\":true,\\\"preferred_service\\\":\\\"google_docs\\\"},{\\\"extension\\\":\\\"psd\\\",\\\"is_enabled\\\":true,\\\"preferred_service\\\":\\\"google_docs\\\"},{\\\"extension\\\":\\\"rtf\\\",\\\"is_enabled\\\":true,\\\"preferred_service\\\":\\\"google_docs\\\"},{\\\"extension\\\":\\\"sxc\\\",\\\"is_enabled\\\":true,\\\"preferred_service\\\":\\\"google_docs\\\"},{\\\"extension\\\":\\\"sxi\\\",\\\"is_enabled\\\":true,\\\"preferred_service\\\":\\\"google_docs\\\"},{\\\"extension\\\":\\\"sxw\\\",\\\"is_enabled\\\":true,\\\"preferred_service\\\":\\\"google_docs\\\"},{\\\"extension\\\":\\\"tif\\\",\\\"is_enabled\\\":true,\\\"preferred_service\\\":\\\"google_docs\\\"},{\\\"extension\\\":\\\"tiff\\\",\\\"is_enabled\\\":true,\\\"preferred_service\\\":\\\"google_docs\\\"},{\\\"extension\\\":\\\"ttf\\\",\\\"is_enabled\\\":true,\\\"preferred_service\\\":\\\"google_docs\\\"},{\\\"extension\\\":\\\"wpd\\\",\\\"is_enabled\\\":true,\\\"preferred_service\\\":\\\"google_docs\\\"},{\\\"extension\\\":\\\"xls\\\",\\\"is_enabled\\\":true,\\\"preferred_service\\\":\\\"google_docs\\\"},{\\\"extension\\\":\\\"xlsx\\\",\\\"is_enabled\\\":true,\\\"preferred_service\\\":\\\"google_docs\\\"},{\\\"extension\\\":\\\"xps\\\",\\\"is_enabled\\\":true,\\\"preferred_service\\\":\\\"google_docs\\\"}],\\\"privacy\\\":{\\\"collect_stats\\\":false}}}\"",
            "key": "user_config"
}
    ]
}