{
    "Apps": [
        {
            "app_launch_ordinal": "yy",
            "extension": {
                        "incognito_enabled": false,
                        "remote_install": false,
                        "update_url": "http://clients2.google.com/service/update2/crx",
                        "name": "Google Search",
                        "id": "coobgpohoikkiipiblmjeljniedjpjpf",
                        "version": "0.0.0.20",
                        "enabled": true
            },
            "page_ordinal": "n"
},
        {
            "app_launch_ordinal": "y",
            "extension": {
                        "incognito_enabled": false,
                        "remote_install": false,
                        "installed_by_custodian": false,
                        "update_url": "https://clients2.google.com/service/update2/crx",
                        "name": "Where Is My Water",
                        "id": "mgklcgpnkamlodmgnponcegackdgfkhd",
                        "version": "1.0",
                        "enabled": true
            },
            "page_ordinal": "t"
},
        {
            "app_launch_ordinal": "zv",
            "extension": {
                        "incognito_enabled": false,
                        "remote_install": false,
                        "installed_by_custodian": false,
                        "update_url": "http://clients2.google.com/service/update2/crx",
                        "name": "Google Reader",
                        "id": "pjjhlfkghdhmijklfnahfkpgmhcmfgcm",
                        "version": "4.4",
                        "enabled": true
            },
            "page_ordinal": "n"
},
        {
            "app_launch_ordinal": "y",
            "extension": {
                        "incognito_enabled": false,
                        "remote_install": false,
                        "installed_by_custodian": false,
                        "update_url": "",
                        "name": "Cloud Reader",
                        "id": "bjnkloegafmkhgpjglcbldhaokjpandj",
                        "version": "1.0.0.0",
                        "enabled": true
            },
            "page_ordinal": "n"
},
        {
            "app_launch_ordinal": "w",
            "extension": {
                        "incognito_enabled": false,
                        "remote_install": false,
                        "installed_by_custodian": false,
                        "update_url": "https://clients2.google.com/service/update2/crx",
                        "name": "Plants vs. Zombies",
                        "id": "hpmnponfgolmbakimgchhfeemnepcaii",
                        "version": "1.0.0",
                        "enabled": true
            },
            "page_ordinal": "t"
},
        {
            "app_launch_ordinal": "o",
            "extension": {
                        "incognito_enabled": false,
                        "remote_install": false,
                        "installed_by_custodian": false,
                        "update_url": "http://clients2.google.com/service/update2/crx",
                        "name": "Crazy Rollercoaster",
                        "id": "eafhgomkapdagnpmmgilphbolnejepoc",
                        "version": "1.3",
                        "enabled": true
            },
            "page_ordinal": "n"
},
        {
            "app_launch_ordinal": "n",
            "extension": {
                        "incognito_enabled": false,
                        "remote_install": false,
                        "disable_reasons": 0,
                        "installed_by_custodian": false,
                        "update_url": "https://clients2.google.com/service/update2/crx",
                        "name": "Angry Birds",
                        "id": "aknpkdffaafgjchaibgeefbgmgeghloj",
                        "version": "1.5.0.8",
                        "enabled": true
            },
            "page_ordinal": "n"
},
        {
            "app_launch_ordinal": "wn",
            "extension": {
                        "incognito_enabled": false,
                        "remote_install": false,
                        "disable_reasons": 0,
                        "installed_by_custodian": false,
                        "update_url": "http://clients2.google.com/service/update2/crx",
                        "name": "Gmail",
                        "id": "pjkljhegncpnkpknbcohdijeoejaedia",
                        "version": "8.1",
                        "enabled": true
            },
            "page_ordinal": "n"
},
        {
            "app_launch_ordinal": "pn",
            "extension": {
                        "incognito_enabled": false,
                        "remote_install": false,
                        "disable_reasons": 0,
                        "installed_by_custodian": false,
                        "update_url": "http://clients2.google.com/service/update2/crx",
                        "name": "Plants vs Zombies",
                        "id": "mmcegpfdgcoclcdfkjahiimlikdpnina",
                        "version": "1.0.5",
                        "enabled": true
            },
            "page_ordinal": "n"
},
        {
            "app_launch_ordinal": "x",
            "extension": {
                        "incognito_enabled": false,
                        "remote_install": false,
                        "disable_reasons": 0,
                        "installed_by_custodian": false,
                        "update_url": "http://clients2.google.com/service/update2/crx",
                        "name": "YouTube",
                        "id": "blpcfgokakmgnkcojhhkbfbldkacnbeo",
                        "version": "4.2.8",
                        "enabled": true
            },
            "page_ordinal": "n"
},
        {
            "app_launch_ordinal": "zk",
            "extension": {
                        "incognito_enabled": false,
                        "remote_install": false,
                        "disable_reasons": 0,
                        "installed_by_custodian": false,
                        "update_url": "http://clients2.google.com/service/update2/crx",
                        "name": "MagicScroll eBook Reader",
                        "id": "ghgnmgfdoiplfmhgghbmlphanpfmjble",
                        "version": "3.0",
                        "enabled": true
            },
            "page_ordinal": "n"
},
        {
            "app_launch_ordinal": "zzh",
            "extension": {
                        "incognito_enabled": true,
                        "remote_install": false,
                        "disable_reasons": 0,
                        "installed_by_custodian": false,
                        "update_url": "",
                        "name": "Chrome",
                        "id": "mgndgikekgjfcpckkfioiadnlibdjbkf",
                        "version": "0.1",
                        "enabled": true
            },
            "page_ordinal": "n"
},
        {
            "app_launch_ordinal": "q",
            "extension": {
                        "incognito_enabled": false,
                        "remote_install": false,
                        "disable_reasons": 0,
                        "installed_by_custodian": false,
                        "update_url": "https://clients2.google.com/service/update2/crx",
                        "name": "Koding",
                        "id": "fgbjpbdfegnodokpoejnbhnblcojccal",
                        "version": "3.0.5",
                        "enabled": true
            },
            "page_ordinal": "n"
},
        {
            "app_launch_ordinal": "zzm",
            "extension": {
                        "incognito_enabled": false,
                        "remote_install": false,
                        "disable_reasons": 0,
                        "installed_by_custodian": false,
                        "update_url": "http://clients2.google.com/service/update2/crx",
                        "name": "Multiple Account Checker for Gmail™",
                        "id": "dnimhgelcnggigekhdjlifjpndgmnglm",
                        "version": "1.2",
                        "enabled": true
            },
            "page_ordinal": "t"
},
        {
            "app_launch_ordinal": "zv",
            "extension": {
                        "incognito_enabled": false,
                        "remote_install": false,
                        "disable_reasons": 0,
                        "installed_by_custodian": false,
                        "update_url": "http://clients2.google.com/service/update2/crx",
                        "name": "Publish5 - DIY Mobile App Creator",
                        "id": "pljongdhniobjippcfefmkjnjkcbflfl",
                        "version": "2.0",
                        "enabled": true
            },
            "page_ordinal": "t"
},
        {
            "app_launch_ordinal": "zz",
            "extension": {
                        "incognito_enabled": false,
                        "remote_install": false,
                        "disable_reasons": 0,
                        "installed_by_custodian": false,
                        "update_url": "https://clients2.google.com/service/update2/crx",
                        "name": "Kindle Cloud Reader",
                        "id": "aicjkkmjijnlncpkailhjcdfkechjbpl",
                        "version": "1.7.0.22",
                        "enabled": true
            },
            "page_ordinal": "t"
},
        {
            "app_launch_ordinal": "zzv",
            "extension": {
                        "incognito_enabled": false,
                        "remote_install": false,
                        "disable_reasons": 0,
                        "installed_by_custodian": false,
                        "update_url": "https://clients2.google.com/service/update2/crx",
                        "name": "Evernote Web",
                        "id": "lbfehkoinhhcknnbdgnnmjhiladcgbol",
                        "version": "1.0.8",
                        "enabled": true
            },
            "page_ordinal": "t"
},
        {
            "app_launch_ordinal": "yn",
            "extension": {
                        "incognito_enabled": false,
                        "remote_install": false,
                        "disable_reasons": 0,
                        "installed_by_custodian": false,
                        "update_url": "https://clients2.google.com/service/update2/crx",
                        "name": "Google Drive",
                        "id": "apdfllckaahabafndbhieahigkjlhalf",
                        "version": "14.1",
                        "enabled": true
            },
            "page_ordinal": "n"
},
        {
            "app_launch_ordinal": "zt",
            "extension": {
                        "incognito_enabled": false,
                        "remote_install": false,
                        "disable_reasons": 0,
                        "installed_by_custodian": false,
                        "update_url": "https://clients2.google.com/service/update2/crx",
                        "name": "Video Player",
                        "id": "gdebnehfojpoccpaocfbelbclfnpbmij",
                        "version": "2.0.10",
                        "enabled": true
            },
            "page_ordinal": "n"
},
        {
            "app_launch_ordinal": "zsn",
            "extension": {
                        "incognito_enabled": false,
                        "remote_install": false,
                        "disable_reasons": 0,
                        "installed_by_custodian": false,
                        "update_url": "https://clients2.google.com/service/update2/crx",
                        "name": "Kindle Cloud Reader",
                        "id": "icdipabjmbhpdkjaihfjoikhjjeneebd",
                        "version": "1.7.0.1",
                        "enabled": true
            },
            "page_ordinal": "n"
},
        {
            "app_launch_ordinal": "z",
            "extension": {
                        "incognito_enabled": false,
                        "remote_install": false,
                        "disable_reasons": 0,
                        "installed_by_custodian": false,
                        "update_url": "https://clients2.google.com/service/update2/crx",
                        "name": "Spotify - Music for every moment",
                        "id": "cnkjkdjlofllcpbemipjbcpfnglbgieh",
                        "version": "0.2.4",
                        "enabled": true
            },
            "page_ordinal": "t"
},
        {
            "app_launch_ordinal": "zzt",
            "extension": {
                        "incognito_enabled": false,
                        "remote_install": false,
                        "disable_reasons": 1,
                        "installed_by_custodian": false,
                        "update_url": "https://clients2.google.com/service/update2/crx",
                        "name": "Plex",
                        "id": "fpniocchabmgenibceglhnfeimmdhdfm",
                        "version": "2.12.10",
                        "enabled": false
            },
            "page_ordinal": "n"
},
        {
            "app_launch_ordinal": "zzq",
            "extension": {
                        "incognito_enabled": false,
                        "remote_install": false,
                        "disable_reasons": 0,
                        "installed_by_custodian": false,
                        "update_url": "https://clients2.google.com/service/update2/crx",
                        "name": "ARC Welder",
                        "id": "emfinbmielocnlhgmfkkmkngdoccbadn",
                        "version": "54.5021.651.0",
                        "enabled": true
            },
            "page_ordinal": "n"
},
        {
            "app_launch_ordinal": "t",
            "extension": {
                        "incognito_enabled": true,
                        "remote_install": false,
                        "disable_reasons": 0,
                        "installed_by_custodian": false,
                        "update_url": "",
                        "name": "Chrome Web Store",
                        "id": "ahfgeienlihckogmohjhadlkjgocpleb",
                        "version": "0.2",
                        "enabled": true
            },
            "page_ordinal": "n"
},
        {
            "app_launch_ordinal": "zzc",
            "extension": {
                        "incognito_enabled": false,
                        "remote_install": false,
                        "disable_reasons": 0,
                        "installed_by_custodian": false,
                        "update_url": "https://clients2.google.com/service/update2/crx",
                        "name": "Google Keep: notas y listas",
                        "id": "hmjkmjkepdijhoojdojkdfohbdgmmhki",
                        "version": "3.1.20064.835",
                        "enabled": true
            },
            "page_ordinal": "n"
}
    ],
    "App Settings": [],
    "Preferences": [
        {
            "name": "homepage",
            "value": "\"http://www.google.com/\""
},
        {
            "name": "translate_whitelists",
            "value": "{}"
},
        {
            "name": "profile.notification_allowed_sites",
            "value": "[\"https://mail.google.com/\"]"
},
        {
            "name": "dns_prefetching.enabled",
            "value": "false"
},
        {
            "name": "profile.notification_denied_sites",
            "value": "[]"
},
        {
            "name": "instant.enabled_time",
            "value": "\"12977062937652539\""
},
        {
            "name": "instant.confirm_dialog_shown",
            "value": "true"
},
        {
            "name": "instant.enabled_once",
            "value": "true"
},
        {
            "name": "instant.enabled",
            "value": "true"
},
        {
            "name": "profile.avatar_index",
            "value": "0"
},
        {
            "name": "ntp.app_page_names",
            "value": "[\"Apps\"]"
},
        {
            "name": "profile.name",
            "value": "\"First user\""
},
        {
            "name": "geolocation.content_settings",
            "value": "{\"http://busmapper.co.uk/\":{\"http://busmapper.co.uk/\":1},\"http://lfkq9vbe9u4sg98ip8rfvf00l7atcn3d-a-ig-opensocial.googleusercontent.com/\":{\"http://www.google.co.uk/\":2,\"http://www.google.com/\":2},\"http://maps.google.co.uk/\":{\"http://maps.google.co.uk/\":1}}"
},
        {
            "name": "profile.content_settings.patterns",
            "value": "{\"[*.]www.scotty.com.au\":{\"plugins\":1},\"[*.]www.youtube.com\":{\"fullscreen\":1},\"https://[*.]java.com:443\":{\"plugins\":1},\"https://[*.]scicomp.webex.com:443\":{\"popups\":1},\"https://[*.]ssl.lan.com:443\":{\"popups\":1}}"
},
        {
            "name": "profile.content_settings.clear_on_exit_migrated",
            "value": "true"
},
        {
            "name": "extensions.sideload_wipeout_bubble_shown",
            "value": "3"
},
        {
            "name": "profile.is_managed",
            "value": "false"
},
        {
            "name": "search.suggest_enabled",
            "value": "true"
},
        {
            "name": "alternate_error_pages.enabled",
            "value": "false"
},
        {
            "name": "profile.managed_user_id",
            "value": "\"\""
},
        {
            "name": "translate_language_blacklist",
            "value": "[\"es\",\"fr\",\"it\",\"pt\",\"nl\",\"en\"]"
},
        {
            "name": "session.restore_on_startup",
            "value": "5"
},
        {
            "name": "extensions.ui.developer_mode",
            "value": "true"
},
        {
            "name": "synced_notification.enabled_sending_services",
            "value": "[\"Google+\"]"
},
        {
            "name": "synced_notification.initialized_sending_services",
            "value": "[\"Google+\"]"
},
        {
            "name": "safebrowsing.enabled",
            "value": "false"
},
        {
            "name": "message_center.welcome_notification_dismissed",
            "value": "true"
},
        {
            "name": "browser.show_home_button",
            "value": "true"
},
        {
            "name": "profile.content_settings.plugin_whitelist",
            "value": "{\"internal-remoting-viewer\":true,\"npsitesafety\":{\"dll\":true}}"
},
        {
            "name": "net.network_prediction_options",
            "value": "2"
},
        {
            "name": "translate_denied_count",
            "value": "{\"ar\":2,\"da\":1,\"de\":12,\"el\":0,\"en\":1,\"eu\":1,\"fi\":4,\"gl\":5,\"it\":3,\"ms\":1,\"nl\":5,\"no\":1,\"pl\":0,\"pt\":2,\"ro\":1,\"ru\":1,\"uk\":1,\"zh-CN\":1}"
},
        {
            "name": "translate_too_often_denied",
            "value": "true"
},
        {
            "name": "hotword.previous_language",
            "value": "\"en-US\""
},
        {
            "name": "hotword.audio_logging_enabled",
            "value": "true"
},
        {
            "name": "profile.content_settings.exceptions.images",
            "value": "{}"
},
        {
            "name": "profile.content_settings.exceptions.protocol_handlers",
            "value": "{}"
},
        {
            "name": "profile.content_settings.exceptions.cookies",
            "value": "{}"
},
        {
            "name": "profile.migrated_default_content_settings",
            "value": "true"
},
        {
            "name": "profile.content_settings.exceptions.metro_switch_to_desktop",
            "value": "{}"
},
        {
            "name": "profile.content_settings.exceptions.javascript",
            "value": "{}"
},
        {
            "name": "profile.content_settings.exceptions.midi_sysex",
            "value": "{}"
},
        {
            "name": "profile.content_settings.exceptions.mixed_script",
            "value": "{}"
},
        {
            "name": "profile.content_settings.pattern_pairs",
            "value": "{\"*,*\":{\"per_plugin\":{\"internal-remoting-viewer\":1,\"npsitesafety.dll\":1}},\"[*.]afilmaboutcoffee.com,*\":{\"fullscreen\":1},\"[*.]blog.burningman.com,*\":{\"fullscreen\":1},\"[*.]brasil2014.biobiochile.cl,*\":{\"fullscreen\":1},\"[*.]buencafe.cl,*\":{\"fullscreen\":1},\"[*.]code.kx.com,*\":{\"multiple-automatic-downloads\":1},\"[*.]collider.com,*\":{\"fullscreen\":1},\"[*.]dangerousminds.net,*\":{\"fullscreen\":1},\"[*.]devblogs.nvidia.com,*\":{\"fullscreen\":1},\"[*.]digg.com,*\":{\"fullscreen\":1},\"[*.]en.blogotheque.net,*\":{\"fullscreen\":1},\"[*.]en.wikipedia.org,*\":{\"fullscreen\":1},\"[*.]hp-wireless-assistant.software.informer.com,*\":{\"multiple-automatic-downloads\":2},\"[*.]io9.com,*\":{\"fullscreen\":1},\"[*.]java.com,*\":{\"plugins\":1},\"[*.]lared.cl,*\":{\"fullscreen\":1},\"[*.]lifehacker.com,*\":{\"fullscreen\":1},\"[*.]littlebits.cc,*\":{\"fullscreen\":1},\"[*.]londonist.com,*\":{\"fullscreen\":1},\"[*.]m.noisey.vice.com,*\":{\"fullscreen\":1},\"[*.]motherboard.vice.com,*\":{\"fullscreen\":1},\"[*.]new.damn.com,*\":{\"fullscreen\":1},\"[*.]now-here-this.timeout.com,*\":{\"fullscreen\":1},\"[*.]on-demand.gputechconf.com,*\":{\"fullscreen\":1},\"[*.]orgulloateo.wordpress.com,*\":{\"fullscreen\":1},\"[*.]pebrechile.cl,*\":{\"fullscreen\":1},\"[*.]pitchfork.com,*\":{\"fullscreen\":1},\"[*.]playingforchange.com,*\":{\"fullscreen\":1},\"[*.]spankbang.com,*\":{\"fullscreen\":1},\"[*.]stoneyroads.com,*\":{\"fullscreen\":1},\"[*.]theantimedia.org,*\":{\"fullscreen\":1},\"[*.]thecreatorsproject.vice.com,*\":{\"fullscreen\":1},\"[*.]thedailywhat.cheezburger.com,*\":{\"fullscreen\":1},\"[*.]thenerve.us,*\":{\"fullscreen\":1},\"[*.]tv.emol.com,*\":{\"fullscreen\":1},\"[*.]uproxx.com,*\":{\"fullscreen\":1},\"[*.]video.newyorker.com,*\":{\"fullscreen\":1},\"[*.]vimeo.com,*\":{\"fullscreen\":1},\"[*.]vtr.com,*\":{\"fullscreen\":1},\"[*.]web.airdroid.com,*\":{\"fullscreen\":1},\"[*.]www.albertojesuslopez.cl,*\":{\"fullscreen\":1},\"[*.]www.almeida.co.uk,*\":{\"fullscreen\":1},\"[*.]www.bigimagination.org,*\":{\"fullscreen\":1},\"[*.]www.break.com,*\":{\"fullscreen\":1},\"[*.]www.buildajoomlawebsite.com,*\":{\"fullscreen\":1},\"[*.]www.cajondelmaipo.com,*\":{\"fullscreen\":1},\"[*.]www.chilenextvideos.com,*\":{\"fullscreen\":1},\"[*.]www.cinetecavirtual.cl,*\":{\"fullscreen\":1},\"[*.]www.cnnchile.com,*\":{\"fullscreen\":1},\"[*.]www.cribeo.com,*\":{\"fullscreen\":1},\"[*.]www.elmostrador.cl,*\":{\"fullscreen\":1},\"[*.]www.feelguide.com,*\":{\"fullscreen\":1},\"[*.]www.filmsforaction.org,*\":{\"fullscreen\":1},\"[*.]www.footytube.com,*\":{\"fullscreen\":1},\"[*.]www.funnyordie.com,*\":{\"fullscreen\":1},\"[*.]www.guioteca.com,*\":{\"fullscreen\":1},\"[*.]www.huffingtonpost.co.uk,*\":{\"fullscreen\":1},\"[*.]www.huffingtonpost.com,*\":{\"fullscreen\":1,\"popups\":1},\"[*.]www.ifc.com,*\":{\"fullscreen\":1},\"[*.]www.kuletos.com,*\":{\"fullscreen\":1},\"[*.]www.lacuarta.com,*\":{\"fullscreen\":1},\"[*.]www.lesinrocks.com,*\":{\"fullscreen\":1},\"[*.]www.mixmag.net,*\":{\"fullscreen\":1},\"[*.]www.movoto.com,*\":{\"fullscreen\":1},\"[*.]www.nerdist.com,*\":{\"fullscreen\":1},\"[*.]www.netflix.com,*\":{\"fullscreen\":1},\"[*.]www.npr.org,*\":{\"fullscreen\":1},\"[*.]www.nytimes.com,*\":{\"fullscreen\":1},\"[*.]www.occupydemocrats.com,*\":{\"fullscreen\":1},\"[*.]www.orgasmatrix.com,*\":{\"fullscreen\":1},\"[*.]www.outsideonline.com,*\":{\"fullscreen\":1},\"[*.]www.oxfordowl.co.uk,*\":{\"fullscreen\":1},\"[*.]www.panthaduprince.com,*\":{\"fullscreen\":1},\"[*.]www.popsugar.com,*\":{\"fullscreen\":1},\"[*.]www.quora.com,*\":{\"fullscreen\":1},\"[*.]www.residentadvisor.net,*\":{\"fullscreen\":1},\"[*.]www.revistamujer.cl,*\":{\"fullscreen\":1},\"[*.]www.sanfic.com,*\":{\"fullscreen\":1},\"[*.]www.scotty.com.au,*\":{\"plugins\":1},\"[*.]www.slideshare.net,*\":{\"fullscreen\":1},\"[*.]www.soccer-blogger.com,*\":{\"fullscreen\":1},\"[*.]www.teatrouc.uc.cl,*\":{\"fullscreen\":1},\"[*.]www.theclinic.cl,*\":{\"fullscreen\":1},\"[*.]www.theguardian.com,*\":{\"fullscreen\":1},\"[*.]www.theonion.com,*\":{\"fullscreen\":1},\"[*.]www.theplaidzebra.com,*\":{\"fullscreen\":1},\"[*.]www.timesoccer.com,*\":{\"fullscreen\":1},\"[*.]www.toadworld.com,*\":{\"fullscreen\":1},\"[*.]www.touchstoneone.com,*\":{\"fullscreen\":1},\"[*.]www.ucl.ac.uk,*\":{\"plugins\":1},\"[*.]www.upworthy.com,*\":{\"fullscreen\":1},\"[*.]www.verkami.com,*\":{\"fullscreen\":1},\"[*.]www.vervecoffeeroasters.com,*\":{\"fullscreen\":1},\"[*.]www.vevomusic.net,*\":{\"fullscreen\":1},\"[*.]www.vizzed.com,*\":{\"plugins\":1},\"[*.]www.xlr8r.com,*\":{\"fullscreen\":1},\"[*.]www.youtube.com,*\":{\"fullscreen\":1},\"[*.]xlwings.org,*\":{\"fullscreen\":1},\"[*.]zipporah.smugmug.com,*\":{\"fullscreen\":1},\"file:///Users/Sergio/Downloads/CINEMA/Barbecue%202014.avi,*\":{\"plugins\":1},\"file:///Users/Sergio/Downloads/CINEMA/Blood%20Simple/Blood%20Simple%20[Director\u0027s%20Cut].1984.DVDRip.XviD-VLiS.avi,*\":{\"plugins\":1},\"file:///Users/Sergio/Downloads/CINEMA/Mathew%20Barney%20-%20The%20Cremaster%20Cycle/CREMASTER%201%20(1995)/Matthew%20Barney%20-%20Cremaster%201.avi,*\":{\"plugins\":1},\"file:///Users/Sergio/Downloads/FOTOS/Linares/DSCF2721.AVI,*\":{\"plugins\":1},\"file:///Users/Sergio/Downloads/PRAWNZ!/Ree%20Petra/Ree_Petra_-_What_Billi_Did_Next.avi,*\":{\"plugins\":1},\"file:///Users/Sergio/Downloads/WORK/NETGOCIANDO/JAVA/hullwhite/MCBDT.html,*\":{\"plugins\":1},\"http://buencafe.cl:80,http://buencafe.cl:80\":{\"geolocation\":1,\"last_used\":{\"geolocation\":1421081302.444614}},\"http://busmapper.co.uk:80,http://busmapper.co.uk:80\":{\"geolocation\":1},\"http://cdn.playwire.com:80,http://www.footytube.com:80\":{\"fullscreen\":1},\"http://cl.dondereciclo.org:80,http://cl.dondereciclo.org:80\":{\"geolocation\":1},\"http://dev.imaginamobile.com:80,http://www.undiaenlan.com:80\":{\"fullscreen\":1},\"http://es.chatroulettesites.com:80,*\":{\"last_used\":{\"media-stream-camera\":1417326826.015334,\"media-stream-mic\":1417326826.015005},\"media-stream-camera\":1,\"media-stream-mic\":1},\"http://lfkq9vbe9u4sg98ip8rfvf00l7atcn3d-a-ig-opensocial.googleusercontent.com:80,http://www.google.co.uk:80\":{\"geolocation\":2},\"http://lfkq9vbe9u4sg98ip8rfvf00l7atcn3d-a-ig-opensocial.googleusercontent.com:80,http://www.google.com:80\":{\"geolocation\":2},\"http://maps.google.co.uk:80,http://maps.google.co.uk:80\":{\"geolocation\":1},\"http://mqltv.com:80,http://mqltv.com:80\":{\"geolocation\":1,\"last_used\":{\"geolocation\":1431977924.184288}},\"http://roaminghunger.com:80,http://roaminghunger.com:80\":{\"geolocation\":2},\"http://www.devir.cl:80,http://www.devir.cl:80\":{\"geolocation\":1,\"last_used\":{\"geolocation\":1425666713.036365}},\"http://www.imdb.com:80,http://www.imdb.com:80\":{\"fullscreen\":1},\"http://www.itv.com:80,http://www.itv.com:80\":{\"geolocation\":1},\"http://www.laterceratv.cl:80,http://www.laterceratv.cl:80\":{\"fullscreen\":1},\"http://www.samsung.com:80,http://www.samsung.com:80\":{\"geolocation\":1},\"http://www.santaisabel.cl:80,http://www.santaisabel.cl:80\":{\"geolocation\":2},\"http://www.setlist.fm:80,http://www.setlist.fm:80\":{\"geolocation\":1,\"last_used\":{\"geolocation\":1424061827.653172}},\"http://www.sumaverde.cl:80,http://www.sumaverde.cl:80\":{\"geolocation\":1,\"last_used\":{\"geolocation\":1417430650.090078}},\"http://www.takeitaway.org.uk:80,http://www.takeitaway.org.uk:80\":{\"geolocation\":1},\"http://www.tfl.gov.uk:80,http://www.tfl.gov.uk:80\":{\"geolocation\":1},\"http://www.webcam-mirror.com:80,*\":{\"media-stream-camera\":1,\"media-stream-mic\":1},\"http://www.wired.com:80,http://www.wired.com:80\":{\"fullscreen\":1},\"https://[*.]archive.org:443,*\":{\"fullscreen\":1},\"https://[*.]box593.bluehost.com:2096,*\":{\"popups\":1},\"https://[*.]console.aws.amazon.com:443,*\":{\"plugins\":1},\"https://[*.]drive.google.com:443,*\":{\"multiple-automatic-downloads\":1},\"https://[*.]frenchlittlesecrets.wordpress.com:443,*\":{\"fullscreen\":1},\"https://[*.]ignitechannel.com:443,*\":{\"fullscreen\":1},\"https://[*.]itunes.apple.com:443,*\":{\"plugins\":1},\"https://[*.]java.com:443,*\":{\"plugins\":1},\"https://[*.]koding.com:443,*\":{\"popups\":1},\"https://[*.]mail.google.com:443,*\":{\"multiple-automatic-downloads\":1},\"https://[*.]my.bluehost.com:443,*\":{\"fullscreen\":1},\"https://[*.]mycloud.rackspace.com:443,*\":{\"plugins\":1},\"https://[*.]p2.soapmapfre.cl:443,*\":{\"popups\":1},\"https://[*.]play.google.com:443,*\":{\"fullscreen\":1},\"https://[*.]plus.google.com:443,*\":{\"fullscreen\":1},\"https://[*.]public-online.hmrc.gov.uk:443,*\":{\"popups\":1},\"https://[*.]registration.gputechconf.com:443,*\":{\"popups\":1},\"https://[*.]scicomp.webex.com:443,*\":{\"popups\":1},\"https://[*.]screen.yahoo.com:443,*\":{\"fullscreen\":1},\"https://[*.]sergiolucero.cartodb.com:443,*\":{\"popups\":1},\"https://[*.]ssl.lan.com:443,*\":{\"popups\":1},\"https://[*.]vimeo.com:443,*\":{\"fullscreen\":1},\"https://[*.]wordpress.org:443,*\":{\"fullscreen\":1},\"https://[*.]www.facebook.com:443,*\":{\"fullscreen\":1},\"https://[*.]www.previred.com:443,*\":{\"popups\":1},\"https://[*.]www.pythonanywhere.com:443,*\":{\"popups\":1},\"https://[*.]www.turbus.cl:443,*\":{\"popups\":1},\"https://[*.]www.youtube.com:443,*\":{\"fullscreen\":1},\"https://embed.theguardian.com:443,http://www.adnradio.cl:80\":{\"fullscreen\":1},\"https://foursquare.com:443,https://foursquare.com:443\":{\"geolocation\":1},\"https://mail.google.com:443,*\":{\"last_used\":{\"notifications\":1426562842.910713},\"notifications\":1},\"https://mail.google.com:443,https://mail.google.com:443\":{\"last_used\":{\"notifications\":1431460910.004399}},\"https://plus.google.com:443,*\":{\"media-stream-camera\":1,\"media-stream-mic\":1},\"https://plus.google.com:443,https://plus.google.com:443\":{\"geolocation\":1},\"https://web.whatsapp.com:443,*\":{\"last_used\":{\"notifications\":1431973600.543811},\"notifications\":1},\"https://web.whatsapp.com:443,https://web.whatsapp.com:443\":{\"fullscreen\":1,\"last_used\":{\"notifications\":1432162988.903102}},\"https://www.amazon.com:443,*\":{\"ppapi-broker\":1},\"https://www.google.cl:443,*\":{\"last_used\":{\"media-stream-mic\":1420039027.057341},\"media-stream-mic\":1},\"https://www.google.com:443,*\":{\"media-stream-mic\":1},\"https://www.happydesk.com:443,https://www.happydesk.com:443\":{\"geolocation\":2},\"https://www.itv.com:443,https://www.itv.com:443\":{\"geolocation\":1},\"https://www.zomato.com:443,https://www.zomato.com:443\":{\"geolocation\":1,\"last_used\":{\"geolocation\":1432262574.7038}}}"
},
        {
            "name": "profile.content_settings.exceptions.push_messaging",
            "value": "{\"https://www.facebook.com:443,https://www.facebook.com:443\":{\"last_used\":1454355099.278117,\"setting\":1}}"
},
        {
            "name": "session.urls_to_restore_on_startup",
            "value": "[\"http://www.google.co.uk/\",\"http://www.google.com/ig/redirectdomain?brand\u003dDSGQ\u0026bmod\u003dDSGQ\",\"\",\"http://start.iminent.com/?appId\u003dFDE23D2A-D2D4-469F-B6EA-6562CCECAB7B\",\"http://home.torchbrowser.com/?systemid\u003d448\u0026appid\u003d63\u0026ua\u003dTorch\",\"http://www.yessearches.com/?mode\u003dnnnb\u0026ptid\u003dsto\u0026uid\u003d95B6B6E5A6F0EE12549A206B7B4A1FDE\u0026v\u003d20160202\u0026ts\u003dAHEpBHYlAXYsAE..\"]"
},
        {
            "name": "default_search_provider.synced_guid",
            "value": "\"4982CA2E-7015-42EC-9B3F-60EE2003C9F8\""
},
        {
            "name": "profile.content_settings.exceptions.keygen",
            "value": "{}"
},
        {
            "name": "toolbar_icon_surfacing_bubble_acknowledged",
            "value": "true"
},
        {
            "name": "media_router.firstrunflow.acknowledged",
            "value": "true"
},
        {
            "name": "media_router.cloudservices.enabled",
            "value": "true"
},
        {
            "name": "media_router.cloudservices.prefset",
            "value": "true"
},
        {
            "name": "profile.password_manager_enabled",
            "value": "true"
},
        {
            "name": "browser.back_shortcut_bubble_shown_count",
            "value": "5"
},
        {
            "name": "autofill.profile_use_dates_fixed",
            "value": "true"
},
        {
            "name": "autofill.last_version_deduped",
            "value": "56"
},
        {
            "name": "profile.content_settings.exceptions.fullscreen",
            "value": "{}"
},
        {
            "name": "profile.content_settings.exceptions.mouselock",
            "value": "{}"
},
        {
            "name": "browser.clear_data.browsing_history",
            "value": "true"
},
        {
            "name": "browser.clear_data.download_history",
            "value": "true"
},
        {
            "name": "browser.clear_data.cookies",
            "value": "true"
},
        {
            "name": "browser.clear_data.form_data",
            "value": "true"
},
        {
            "name": "browser.clear_data.hosted_apps_data",
            "value": "true"
},
        {
            "name": "browser.clear_data.media_licenses",
            "value": "true"
},
        {
            "name": "browser.clear_data.cache",
            "value": "false"
},
        {
            "name": "browser.clear_data.passwords",
            "value": "false"
},
        {
            "name": "browser.clear_data.time_period",
            "value": "4"
},
        {
            "name": "search.contextual_search_enabled",
            "value": "\"true\""
},
        {
            "name": "profile.default_content_setting_values.plugins",
            "value": "1"
},
        {
            "name": "browser.clear_data.preferences_migrated_to_basic",
            "value": "true"
},
        {
            "name": "browser.clear_data.time_period_basic",
            "value": "4"
},
        {
            "name": "browser.clear_data.cache_basic",
            "value": "true"
},
        {
            "name": "browser.clear_data.browsing_history_basic",
            "value": "false"
},
        {
            "name": "translate_recent_target",
            "value": "\"en\""
},
        {
            "name": "autofill.last_version_disused_addresses_deleted",
            "value": "70"
},
        {
            "name": "translate_site_blacklist",
            "value": "[\"m.facebook.com\",\"quant.cl\"]"
},
        {
            "name": "translate_site_blacklist_with_time",
            "value": "{\"m.facebook.com\":0,\"quant.cl\":0}"
},
        {
            "name": "custom_links.initialized",
            "value": "true"
},
        {
            "name": "session.startup_urls",
            "value": "[\"http://www.google.co.uk/\",\"http://www.google.com/ig/redirectdomain?brand\u003dDSGQ\u0026bmod\u003dDSGQ\",\"\",\"http://start.iminent.com/?appId\u003dFDE23D2A-D2D4-469F-B6EA-6562CCECAB7B\",\"http://home.torchbrowser.com/?systemid\u003d448\u0026appid\u003d63\u0026ua\u003dTorch\",\"http://www.yessearches.com/?mode\u003dnnnb\u0026ptid\u003dsto\u0026uid\u003d95B6B6E5A6F0EE12549A206B7B4A1FDE\u0026v\u003d20160202\u0026ts\u003dAHEpBHYlAXYsAE..\",\"http://d2ucfwpxlh3zh3.cloudfront.net/?ts\u003dAHEqCH8nAXQpC0..\u0026v\u003d20160722\u0026uid\u003dBB8AA02A99EB267F5B1D90B2BD0948AE\u0026ptid\u003damz\u0026mode\u003dloadm\",\"http://www.google.com/\"]"
},
        {
            "name": "homepage_is_newtabpage",
            "value": "false"
},
        {
            "name": "browser.clear_data.cookies_basic",
            "value": "true"
},
        {
            "name": "translate_accepted_count",
            "value": "{\"af\":0,\"ar\":0,\"ca\":0,\"cy\":0,\"da\":0,\"de\":0,\"el\":1,\"en\":0,\"eo\":0,\"eu\":0,\"fi\":1,\"fr\":0,\"gl\":0,\"ht\":0,\"hu\":2,\"it\":0,\"ko\":1,\"la\":0,\"lb\":0,\"ms\":0,\"mt\":1,\"nl\":0,\"no\":0,\"pl\":0,\"pt\":0,\"ro\":0,\"ru\":0,\"sl\":1,\"sv\":1,\"uk\":0,\"und\":0,\"uz\":0,\"zh-CN\":0}"
},
        {
            "name": "translate_too_often_denied_for_language",
            "value": "{\"ca\":true,\"cy\":true,\"de\":true,\"eo\":true,\"fr\":true,\"gl\":true,\"ht\":true,\"pl\":true,\"ru\":true,\"sv\":true}"
},
        {
            "name": "custom_links.list",
            "value": "[{\"isMostVisited\":false,\"title\":\"Facebook\",\"url\":\"https://www.facebook.com/\"},{\"isMostVisited\":false,\"title\":\"Quant.cl\",\"url\":\"http://www.quant.cl/\"},{\"isMostVisited\":false,\"title\":\"WhatsApp\",\"url\":\"https://web.whatsapp.com/\"},{\"isMostVisited\":false,\"title\":\"Emol.com - El sitio de noticias online de Chile\",\"url\":\"http://www.emol.com/\"},{\"isMostVisited\":false,\"title\":\"Superset\",\"url\":\"http://18.211.75.60:8088/superset/welcome\"},{\"isMostVisited\":false,\"title\":\"El Mercurio\",\"url\":\"http://impresa.elmercurio.com/\"},{\"isMostVisited\":false,\"title\":\"Spotify Web Player\",\"url\":\"https://open.spotify.com/\"},{\"isMostVisited\":false,\"title\":\"LinkedIn\",\"url\":\"https://www.linkedin.com/feed/\"},{\"isMostVisited\":false,\"title\":\"Browse - Featured\",\"url\":\"https://open.spotify.com/browse/featured\"},{\"isMostVisited\":false,\"title\":\"GMail\",\"url\":\"https://mail.google.com/\"}]"
},
        {
            "name": "profile.content_settings.exceptions.plugins",
            "value": "{\"*,*\":{\"per_resource\":{\"internal-remoting-viewer\":1,\"npsitesafety.dll\":1}},\"[*.]java.com,*\":{\"setting\":1},\"[*.]www.scotty.com.au,*\":{\"setting\":1},\"[*.]www.ucl.ac.uk,*\":{\"setting\":1},\"[*.]www.vizzed.com,*\":{\"setting\":1},\"file:///Users/Sergio/Downloads/CINEMA/Barbecue%202014.avi,*\":{\"setting\":1},\"file:///Users/Sergio/Downloads/CINEMA/Blood%20Simple/Blood%20Simple%20[Director\u0027s%20Cut].1984.DVDRip.XviD-VLiS.avi,*\":{\"setting\":1},\"file:///Users/Sergio/Downloads/CINEMA/Mathew%20Barney%20-%20The%20Cremaster%20Cycle/CREMASTER%201%20(1995)/Matthew%20Barney%20-%20Cremaster%201.avi,*\":{\"setting\":1},\"file:///Users/Sergio/Downloads/FOTOS/Linares/DSCF2721.AVI,*\":{\"setting\":1},\"file:///Users/Sergio/Downloads/PRAWNZ!/Ree%20Petra/Ree_Petra_-_What_Billi_Did_Next.avi,*\":{\"setting\":1},\"file:///Users/Sergio/Downloads/WORK/NETGOCIANDO/JAVA/hullwhite/MCBDT.html,*\":{\"setting\":1},\"http://java.com:80,*\":{\"last_modified\":\"0\",\"setting\":1},\"http://www.13.cl:80,*\":{\"last_modified\":\"0\",\"setting\":1},\"http://www.friv.com:80,*\":{\"last_modified\":\"13159931769933536\",\"setting\":1},\"http://www.onemorelevel.com:80,*\":{\"last_modified\":\"13202965105446223\",\"setting\":1},\"http://www.revistaplaceres.com:80,*\":{\"last_modified\":\"13165614949478472\",\"setting\":1},\"http://www.scotty.com.au:80,*\":{\"last_modified\":\"0\",\"setting\":1},\"http://www.ucl.ac.uk:80,*\":{\"last_modified\":\"0\",\"setting\":1},\"http://www.vizzed.com:80,*\":{\"last_modified\":\"0\",\"setting\":1},\"http://www.y8.com:80,*\":{\"last_modified\":\"13159062257332473\",\"setting\":1},\"https://[*.]console.aws.amazon.com:443,*\":{\"setting\":1},\"https://[*.]itunes.apple.com:443,*\":{\"setting\":1},\"https://[*.]java.com:443,*\":{\"setting\":1},\"https://[*.]mycloud.rackspace.com:443,*\":{\"setting\":1},\"https://console.aws.amazon.com:443,*\":{\"last_modified\":\"0\",\"setting\":1},\"https://edgeemu.net:443,*\":{\"last_modified\":\"13179162725057042\",\"setting\":1},\"https://itunes.apple.com:443,*\":{\"last_modified\":\"0\",\"setting\":1},\"https://java.com:443,*\":{\"last_modified\":\"0\",\"setting\":1},\"https://mycloud.rackspace.com:443,*\":{\"last_modified\":\"0\",\"setting\":1},\"https://scratch.mit.edu:443,*\":{\"last_modified\":\"13180213517195030\",\"setting\":1},\"https://www.facebook.com:443,*\":{\"last_modified\":\"13178816206188282\",\"setting\":1},\"https://www.festivalscope.com:443,*\":{\"setting\":1},\"https://www.santander.cl:443,*\":{\"last_modified\":\"13168552774747693\",\"setting\":1}}"
},
        {
            "name": "browser.enable_spellchecking",
            "value": "false"
},
        {
            "name": "extensions.commands",
            "value": "{\"linux:Alt+Shift+P\":{\"command_name\":\"send-active-tmt\",\"extension\":\"amigcgbheognjmfkaieeeadojiibgbdp\",\"global\":false},\"windows:Alt+N\":{\"command_name\":\"notification\",\"extension\":\"jjhaafelbmbpohgmabippkndaaikgdih\",\"global\":false},\"windows:Alt+Shift+P\":{\"command_name\":\"send-active-tmt\",\"extension\":\"amigcgbheognjmfkaieeeadojiibgbdp\",\"global\":false},\"windows:Alt+T\":{\"command_name\":\"opentab\",\"extension\":\"jjhaafelbmbpohgmabippkndaaikgdih\",\"global\":false},\"windows:Ctrl+D\":{\"command_name\":\"_execute_page_action\",\"extension\":\"gmlllbghnfkpflemihljekbapjopfjik\",\"global\":false},\"windows:MediaNextTrack:fpniocchabmgenibceglhnfeimmdhdfm\":{\"command_name\":\"skipNext\",\"extension\":\"fpniocchabmgenibceglhnfeimmdhdfm\",\"global\":true},\"windows:MediaPlayPause:fpniocchabmgenibceglhnfeimmdhdfm\":{\"command_name\":\"playPause\",\"extension\":\"fpniocchabmgenibceglhnfeimmdhdfm\",\"global\":true},\"windows:MediaPrevTrack:fpniocchabmgenibceglhnfeimmdhdfm\":{\"command_name\":\"skipPrevious\",\"extension\":\"fpniocchabmgenibceglhnfeimmdhdfm\",\"global\":true},\"windows:MediaStop:fpniocchabmgenibceglhnfeimmdhdfm\":{\"command_name\":\"stop\",\"extension\":\"fpniocchabmgenibceglhnfeimmdhdfm\",\"global\":true}}"
},
        {
            "name": "net.easter_egg_high_score",
            "value": "46978"
},
        {
            "name": "intl.accept_languages",
            "value": "\"en,es-US,es-419,es,cy,und,fr,it,nl,pt\""
},
        {
            "name": "sharing.vapid_key",
            "value": "{\"vapid_creation_timestamp\":\"13213782078612864\",\"vapid_private_key\":\"MIGHAgEAMBMGByqGSM49AgEGCCqGSM49AwEHBG0wawIBAQQgLpPNDuUyOqWcSDQid6z3HLpRz9uj8w5/qCi0xZqqXIihRANCAATZwftcD6yv8LUOK4d4e7aIBcYBeK71+oyyQTevJ10BgSfhnKyM4+mBYjr3rScAP2PMen9JxSTBkX5pIX9ga0DN\"}"
},
        {
            "name": "profile.content_settings.exceptions.automatic_downloads",
            "value": "{\"[*.]code.kx.com,*\":{\"setting\":1},\"[*.]hp-wireless-assistant.software.informer.com,*\":{\"setting\":2},\"[*.]www.softsea.com,*\":{\"setting\":2},\"http://35.171.120.53:8888,*\":{\"last_modified\":\"13214446517099614\",\"setting\":1},\"http://code.kx.com:80,*\":{\"last_modified\":\"0\",\"setting\":1},\"http://ogre.adc4gis.com:80,*\":{\"last_modified\":\"13218223432812447\",\"setting\":1},\"https://[*.]drive.google.com:443,*\":{\"setting\":1},\"https://[*.]mail.google.com:443,*\":{\"setting\":1},\"https://bigprof.com:443,*\":{\"last_modified\":\"13198040597994470\",\"setting\":1},\"https://colab.research.google.com:443,*\":{\"last_modified\":\"13178238008267128\",\"setting\":1},\"https://drive.google.com:443,*\":{\"last_modified\":\"0\",\"setting\":1},\"https://get.videolan.org:443,*\":{\"last_modified\":\"13203174361161715\",\"setting\":1},\"https://kepler.gl:443,*\":{\"last_modified\":\"13208864677073868\",\"setting\":1},\"https://mail.google.com:443,*\":{\"last_modified\":\"0\",\"setting\":1},\"https://web.whatsapp.com:443,*\":{\"last_modified\":\"13187143488380853\",\"setting\":1},\"https://webmail.mail.us-east-1.awsapps.com:443,*\":{\"last_modified\":\"13199163482863107\",\"setting\":1},\"https://www.corfo.cl:443,*\":{\"last_modified\":\"13191702337558400\",\"setting\":1}}"
},
        {
            "name": "bookmark_bar.show_on_all_tabs",
            "value": "false"
},
        {
            "name": "extensions.toolbar",
            "value": "[\"jjhaafelbmbpohgmabippkndaaikgdih\",\"gmbgaklkmjakoegficnlkhebmhkjfich\",\"nmkbaaijgpppbokgnhhoakihofedkgcc\",\"amigcgbheognjmfkaieeeadojiibgbdp\",\"gmbmikajjgmnabiglmofipeabaddhgne\",\"gdalhedleemkkdjddjgfjmcnbpejpapp\",\"mmbijkbkjlefoimjopcojbkpnmljahlh\",\"khkmhmmjbfailffpaicjgedkpboookjk\",\"ohimbkoaphfnmekmfppijeblmkncneed\",\"pdehmppfilefbolgganhfihpbmjlgebh\",\"lifbcibllhkdhoafpjfnlhfpfgnpldfl\",\"jpaigemdgcbgjbndcdmiknmdnocghljp\",\"ecmlflnkenbdjfocclindonmigndecla\",\"gmpljdlgcdkljlppaekciacdmdlhfeon\",\"pgphcomnlaojlmmcjmiddhdapjpbgeoc\",\"lpcaedmchfhocbbapmcbpinfpgnhiddi\",\"gpmlagmcbcnjhkdjiofoenkfbaclgjkk\",\"flakibmgbgkcfbighlllppjghmmcnngh\",\"efaidnbmnnnibpcajpcglclefindmkaj\",\"ghbmnnjooekpmoecnnnilnnbdlolhkhi\",\"pcaaejaejpolbbchlmbdjfiggojefllp\",\"media_router_action\"]"
},
        {
            "name": "profile.content_settings.exceptions.flash_data",
            "value": "{\"file:///Users/Sergio/Downloads/CINEMA/Barbecue%202014.avi,*\":{\"last_modified\":\"13171646142334495\",\"setting\":{\"flashPreviouslyChanged\":true}},\"file:///Users/Sergio/Downloads/CINEMA/Blood%20Simple/Blood%20Simple%20[Director\u0027s%20Cut].1984.DVDRip.XviD-VLiS.avi,*\":{\"last_modified\":\"13171646142334462\",\"setting\":{\"flashPreviouslyChanged\":true}},\"file:///Users/Sergio/Downloads/CINEMA/Mathew%20Barney%20-%20The%20Cremaster%20Cycle/CREMASTER%201%20(1995)/Matthew%20Barney%20-%20Cremaster%201.avi,*\":{\"last_modified\":\"13171646142334423\",\"setting\":{\"flashPreviouslyChanged\":true}},\"file:///Users/Sergio/Downloads/FOTOS/Linares/DSCF2721.AVI,*\":{\"last_modified\":\"13171646142334378\",\"setting\":{\"flashPreviouslyChanged\":true}},\"file:///Users/Sergio/Downloads/PRAWNZ!/Ree%20Petra/Ree_Petra_-_What_Billi_Did_Next.avi,*\":{\"last_modified\":\"13171646142334344\",\"setting\":{\"flashPreviouslyChanged\":true}},\"file:///Users/Sergio/Downloads/WORK/NETGOCIANDO/JAVA/hullwhite/MCBDT.html,*\":{\"last_modified\":\"13171646142334298\",\"setting\":{\"flashPreviouslyChanged\":true}},\"http://java.com:80,*\":{\"last_modified\":\"13171646142334886\",\"setting\":{\"flashPreviouslyChanged\":true}},\"http://www.13.cl:80,*\":{\"last_modified\":\"13171646142334581\",\"setting\":{\"flashPreviouslyChanged\":true}},\"http://www.freegalaga.com:80,*\":{\"last_modified\":\"13204105406224430\",\"setting\":{\"flashPreviouslyChanged\":true}},\"http://www.freeinvaders.org:80,*\":{\"last_modified\":\"13204105856577295\",\"setting\":{\"flashPreviouslyChanged\":true}},\"http://www.freekong.org:80,*\":{\"last_modified\":\"13204105088057384\",\"setting\":{\"flashPreviouslyChanged\":true}},\"http://www.freeqbert.org:80,*\":{\"last_modified\":\"13204105692356360\",\"setting\":{\"flashPreviouslyChanged\":true}},\"http://www.friv.com:80,*\":{\"last_modified\":\"13171646142334835\",\"setting\":{\"flashPreviouslyChanged\":true}},\"http://www.happyhopper.org:80,*\":{\"last_modified\":\"13204105278908327\",\"setting\":{\"flashPreviouslyChanged\":true}},\"http://www.onemorelevel.com:80,*\":{\"last_modified\":\"13205340432964685\",\"setting\":{\"flashPreviouslyChanged\":true}},\"http://www.revistaplaceres.com:80,*\":{\"last_modified\":\"13171646142335056\",\"setting\":{\"flashPreviouslyChanged\":true}},\"http://www.scotty.com.au:80,*\":{\"last_modified\":\"13171646142334538\",\"setting\":{\"flashPreviouslyChanged\":true}},\"http://www.ucl.ac.uk:80,*\":{\"last_modified\":\"13171646142335220\",\"setting\":{\"flashPreviouslyChanged\":true}},\"http://www.vizzed.com:80,*\":{\"last_modified\":\"13171646142335112\",\"setting\":{\"flashPreviouslyChanged\":true}},\"http://www.y8.com:80,*\":{\"last_modified\":\"13171646142335166\",\"setting\":{\"flashPreviouslyChanged\":true}},\"https://console.aws.amazon.com:443,*\":{\"last_modified\":\"13171646142334670\",\"setting\":{\"flashPreviouslyChanged\":true}},\"https://itunes.apple.com:443,*\":{\"last_modified\":\"13171646142334734\",\"setting\":{\"flashPreviouslyChanged\":true}},\"https://java.com:443,*\":{\"last_modified\":\"13171646142334941\",\"setting\":{\"flashPreviouslyChanged\":true}},\"https://mycloud.rackspace.com:443,*\":{\"last_modified\":\"13171646142334996\",\"setting\":{\"flashPreviouslyChanged\":true}},\"https://scratch.mit.edu:443,*\":{\"last_modified\":\"13180213517195713\",\"setting\":{\"flashPreviouslyChanged\":true}},\"https://www.festivalscope.com:443,*\":{\"last_modified\":\"13171646142334787\",\"setting\":{\"flashPreviouslyChanged\":true}},\"https://www.santander.cl:443,*\":{\"last_modified\":\"13171646142334624\",\"setting\":{\"flashPreviouslyChanged\":true}}}"
},
        {
            "name": "sharing.synced_devices",
            "value": "{\"+KaAujvZ/GAhJaqIpZwFKw\u003d\u003d\":{\"device_auth_secret\":\"uU6jvaNTZuP2mZ+Z7HpGsw\u003d\u003d\",\"device_capabilities\":3,\"device_fcm_token\":\"eOo4QFX_N1k:APA91bEFzcFAYH9CsqpADV0gTYE9tVC8rGR80vBl-thYTKP6wRLndABE8nnFfclapNBnVBxQ-TfM5KfG4dP34FKLEoTokbs5vX2a6E8VxISOM2G3sPxGZrY3CS61sjH8oSoriswW5r5I\",\"device_p256dh\":\"BMIZVBP0CM9O/8Ty0B1ZwuB6YcbQpm1gxZcSCTrffLhbvGSdv+gye8EmFr8thw8WhczADm+sPd/HsrjrfTmr+/8\u003d\"},\"/E6zigIVCajU9LQCdn6A4Q\u003d\u003d\":{\"device_auth_secret\":\"YZ+iypZteBLLA3NblMtR+g\u003d\u003d\",\"device_capabilities\":2,\"device_fcm_token\":\"cYbAWjv5nrI:APA91bGeqPOOAVSE0Ms9oSWNG__raGQ1hJElkhr6sH0w7W9JjKdUEKbLiqbfRmZtI6rtpQZsn0Ec7uY8BvxGUDjlGJkcHWEUUiNv9ggh52iPgwFhC6daFAVnsha7m92W9Xjyo6KI2P58\",\"device_last_updated\":\"13220416813897130\",\"device_p256dh\":\"BM/SLIKME7scC7nhJgenFldYlhKPrN12Nh/vfqIgber35YFFq4HcUG+ZnOhekfJZ8HSe2QFi1QR+BrawUCIdJHw\u003d\"},\"/ylyZbe1YUoGJU1q56P4PQ\u003d\u003d\":{\"device_auth_secret\":\"LdqCMhNgOLeut95s8vP3CQ\u003d\u003d\",\"device_capabilities\":2,\"device_fcm_token\":\"fSwhWuTuoqU:APA91bGowTdzUyNzskEge0zrT8LKcLBEd5twuxfAcdeGFP-Gdtq_EFG1gY2i3DxPxt01eKia-ISZfd29_LXXhst7Yk343Jyo5Oq7NQLeFj0h1Pd7PZu2ydJlWLTiFLqK9nwp5j3BB8Sm\",\"device_last_updated\":\"13223742696244302\",\"device_p256dh\":\"BBu6d1SXJeDOhkobdlnrPLbtc/NzBo8aRi7t0VGEFBLRcBzZyu1IArBpYyotw9LO8rQ5YcgnBJ16osH5ROyhqB4\u003d\"},\"FDin0q+Eeg0QEIxF3UUS0A\u003d\u003d\":{\"device_auth_secret\":\"fKAtU8zs+n0/xZZPVBZMuA\u003d\u003d\",\"device_capabilities\":2,\"device_fcm_token\":\"cloGBPfkLjk:APA91bHk7vbfpegapoIywtG_Z7hRgxG2YjccmhJgHpIvNkNBn8FWKU5FQfvcr3U05LspEbYvg9ksOMEW7sw6x5XpAUMOMgVac3TrxNPKu5nO1tt8ZoLCKHouqY1IU3aksIOwfiWt4prJ\",\"device_p256dh\":\"BBb1fK8YOAp097AViDbx7tXBZeZNZ9CmGo5Nnx9GxSV1+SGQmIDVvV2lKFbmKnSrcp/r2tyu31DYEP4CCZIdzC4\u003d\"},\"RHINlAZXiHDu9UPqkvqIOQ\u003d\u003d\":{\"device_auth_secret\":\"60Y4TH/YyH9BfyBkNi3jaQ\u003d\u003d\",\"device_capabilities\":2,\"device_fcm_token\":\"fzXhpaYUuvo:APA91bGiAPmrlNIDugt4Rs_XlLpxWUPu09u6_V-pAqJQRw5TIz9JBNoPYvRjK2Fb8M5dfWphLJIPxyEKsdhrE8Wnrf9neARGsKSLzOh8s3mq0J-O41udoUuBYrEYus5cSwylML_dy3Gx\",\"device_p256dh\":\"BOMWsRG+SP74h/rsJGnZhULiXJyWxZDUAE7sOvGZjVbjGTDakqw9UBu0VzugzEB+N4kvIWGDKT6uXaFMhhAt33w\u003d\"},\"w4MQvIlNylFPPyOCww9dPg\u003d\u003d\":{\"device_auth_secret\":\"6Qpul/rYnIDkP4bCBEKhww\u003d\u003d\",\"device_capabilities\":2,\"device_fcm_token\":\"fHQt2CDTWwM:APA91bH39cCXzprqhh_d2uP8Wif_LrYq5nM0AEj6ZQSTCKqzwFEx3GXIt0LLgIZwf4uDGpQ9sCqVH5DkdFh9soCMLs5H8K6902Q3PkoTHX_iRI2GYv91UCNIpx6WoDoXndWxWTBukrdu\",\"device_last_updated\":\"13217916077719541\",\"device_p256dh\":\"BAp9J0y3GKhjqN60venMvprVGQHMtyC0v4vUpNeBP1LQUgm9YgJqTZvr9qN5IX71FbGhODWDhpS08BtitTPXOTA\u003d\"},\"yTQaOLqV8YCsTIm+rTpBwg\u003d\u003d\":{\"device_auth_secret\":\"Px9jqIezE42Yxvo3Kg6PcA\u003d\u003d\",\"device_capabilities\":3,\"device_fcm_token\":\"eGkKNG68hlc:APA91bH01l-9sOwapWUJCuTgz-WqQ1mlU26h-JC-NZybmvRzqTbfuUYJBQFevTl3R3wlbGSsCCTkZiYwekUPi2g7FiAJkjHUgQQKx3dYVZ3HCKUhwG0Fu8b0R3lusWa43gCM2Py4affJ\",\"device_last_updated\":\"13218754930334274\",\"device_p256dh\":\"BF/+XJEHMa6Ihj6Ja6qaN0V+/o1o+WeBmYlrxASncmyGEu7wo8ohiAZsXFt7sQhCCTtyOvUs7HGqlg+Y4RIrlYw\u003d\"}}"
},
        {
            "name": "translate_denied_count_for_language",
            "value": "{\"af\":2,\"ar\":2,\"ca\":7,\"cy\":5,\"de\":10,\"en\":1,\"eo\":3,\"eu\":1,\"fi\":0,\"fr\":10,\"gl\":8,\"ht\":2,\"hu\":0,\"it\":2,\"ko\":0,\"la\":2,\"lb\":2,\"mt\":0,\"nl\":5,\"no\":2,\"pl\":2,\"pt\":5,\"ru\":2,\"sl\":0,\"sv\":0,\"und\":1,\"uz\":1}"
},
        {
            "name": "translate_ignored_count_for_language",
            "value": "{\"ar\":1,\"ca\":7,\"da\":1,\"de\":9,\"en\":1,\"eo\":2,\"fi\":0,\"fr\":15,\"gl\":9,\"ht\":1,\"hu\":3,\"it\":6,\"iw\":1,\"ja\":1,\"ko\":1,\"lb\":1,\"mt\":0,\"nl\":4,\"pt\":16,\"ru\":2,\"sl\":0,\"sm\":1,\"sv\":0,\"tl\":1,\"uz\":1,\"vi\":1,\"zh-CN\":1}"
},
        {
            "name": "profile.content_settings.exceptions.popups",
            "value": "{\"[*.]victorwyee.com,*\":{\"setting\":1},\"[*.]www.huffingtonpost.com,*\":{\"setting\":1},\"[*.]www.mercadopublico.cl,*\":{\"setting\":1},\"http://alfresco.quant.cl:8080,*\":{\"last_modified\":\"13190913256499602\",\"setting\":1},\"http://impresa.elmercurio.com:80,*\":{\"setting\":1},\"http://plotter.quant.cl:8088,*\":{\"last_modified\":\"13192579502005406\",\"setting\":1},\"http://victorwyee.com:80,*\":{\"last_modified\":\"0\",\"setting\":1},\"http://www.esri.com:80,*\":{\"setting\":1},\"http://www.huffingtonpost.com:80,*\":{\"last_modified\":\"0\",\"setting\":1},\"http://www.lun.com:80,*\":{\"last_modified\":\"13162914992253799\",\"setting\":1},\"http://www.mercadopublico.cl:80,*\":{\"last_modified\":\"0\",\"setting\":1},\"http://www.metrogas.cl:80,*\":{\"last_modified\":\"13194665021476487\",\"setting\":1},\"http://www.planetsuzy.org:80,*\":{\"last_modified\":\"0\",\"setting\":1},\"https://[*.]box593.bluehost.com:2096,*\":{\"setting\":1},\"https://[*.]button.ecal.com:443,*\":{\"setting\":1},\"https://[*.]koding.com:443,*\":{\"setting\":1},\"https://[*.]p1.soapmapfre.cl:443,*\":{\"setting\":1},\"https://[*.]p2.soapmapfre.cl:443,*\":{\"setting\":1},\"https://[*.]public-online.hmrc.gov.uk:443,*\":{\"setting\":1},\"https://[*.]registration.gputechconf.com:443,*\":{\"setting\":1},\"https://[*.]scicomp.webex.com:443,*\":{\"setting\":1},\"https://[*.]sergiolucero.cartodb.com:443,*\":{\"setting\":1},\"https://[*.]ssl.lan.com:443,*\":{\"setting\":1},\"https://[*.]www.consorcio.cl:443,*\":{\"setting\":1},\"https://[*.]www.previred.com:443,*\":{\"setting\":1},\"https://[*.]www.pythonanywhere.com:443,*\":{\"setting\":1},\"https://[*.]www.sii.cl:443,*\":{\"setting\":1},\"https://[*.]www.turbus.cl:443,*\":{\"setting\":1},\"https://anaconda.org:443,*\":{\"last_modified\":\"13178120169101397\",\"setting\":1},\"https://aws.amazon.com:443,*\":{\"last_modified\":\"13171001716258494\",\"setting\":1},\"https://box593.bluehost.com:2096,*\":{\"last_modified\":\"0\",\"setting\":1},\"https://button.ecal.com:443,*\":{\"last_modified\":\"0\",\"setting\":1},\"https://colab.research.google.com:443,*\":{\"last_modified\":\"13186547194261016\",\"setting\":1},\"https://console.cloud.google.com:443,*\":{\"last_modified\":\"13172032432975447\",\"setting\":1},\"https://cs53.salesforce.com:443,*\":{\"last_modified\":\"13191028741236219\",\"setting\":1},\"https://elpais.com:443,*\":{\"last_modified\":\"13166036583483817\",\"setting\":1},\"https://koding.com:443,*\":{\"last_modified\":\"0\",\"setting\":1},\"https://lightsail.aws.amazon.com:443,*\":{\"last_modified\":\"13224802945325485\",\"setting\":1},\"https://lrs.aws.training:443,*\":{\"last_modified\":\"13178422366717743\",\"setting\":1},\"https://p1.soapmapfre.cl:443,*\":{\"last_modified\":\"0\",\"setting\":1},\"https://p2.soapmapfre.cl:443,*\":{\"last_modified\":\"0\",\"setting\":1},\"https://public-online.hmrc.gov.uk:443,*\":{\"last_modified\":\"0\",\"setting\":1},\"https://registration.gputechconf.com:443,*\":{\"last_modified\":\"0\",\"setting\":1},\"https://s3.console.aws.amazon.com:443,*\":{\"last_modified\":\"13165368583316374\",\"setting\":1},\"https://scicomp.webex.com:443,*\":{\"last_modified\":\"0\",\"setting\":1},\"https://sergiolucero.cartodb.com:443,*\":{\"last_modified\":\"0\",\"setting\":1},\"https://ssl.lan.com:443,*\":{\"last_modified\":\"0\",\"setting\":1},\"https://www.aws.training:443,*\":{\"last_modified\":\"13178422352532723\",\"setting\":1},\"https://www.consorcio.cl:443,*\":{\"last_modified\":\"0\",\"setting\":1},\"https://www.previred.com:443,*\":{\"last_modified\":\"0\",\"setting\":1},\"https://www.puntopagos.com:443,*\":{\"last_modified\":\"13215293755108559\",\"setting\":1},\"https://www.pythonanywhere.com:443,*\":{\"last_modified\":\"0\",\"setting\":1},\"https://www.rollapp.com:443,*\":{\"last_modified\":\"13214977543132925\",\"setting\":1},\"https://www.sii.cl:443,*\":{\"last_modified\":\"0\",\"setting\":1},\"https://www.turbus.cl:443,*\":{\"last_modified\":\"0\",\"setting\":1},\"https://www4.sii.cl:443,*\":{\"last_modified\":\"13209849855074364\",\"setting\":1}}"
},
        {
            "name": "translate_blocked_languages",
            "value": "[\"es\",\"fr\",\"it\",\"nl\",\"pt\",\"ca\",\"lb\",\"cy\",\"und\"]"
},
        {
            "name": "ntp.custom_background_dict",
            "value": "{\"attribution_action_url\":\"https://500px.com/photo/66199413/delicate-arch-by-vivek-vijaykumar\",\"attribution_line_1\":\"Foto de Vivek Vijaykumar\",\"attribution_line_2\":\"\",\"background_main_color\":-1666712,\"background_url\":\"https://lh4.googleusercontent.com/proxy/kFIJNnm2DMbS3B5LXaIdm2JKI6twGWwmzQbcJCfqTfuaH_ULD50v1Z3BGPEF32xTPRvgGLx492zcy_kcatCde2wmz-9ZYFqifbJRMl2DzyE\u003dw3840-h2160-p-k-no-nd-mv\",\"collection_id\":\"\",\"refresh_timestamp\":0,\"resume_token\":\"\"}"
}
    ],
    "Themes": [
        {
            "custom_theme_id": "iaddkdiibkddhdbcmmplkhcpgeinggfo",
            "custom_theme_update_url": "https://clients2.google.com/service/update2/crx",
            "custom_theme_name": "Flying Paint",
            "use_system_theme_by_default": false,
            "use_custom_theme": true
}
    ],
    "Managed Users": []
}